<?xml version="1.0"?>
<!--
/**
 * XML acl
 * 
 * @author      MarioSAM <eu@mariosam.com.br>
 * @version     1.0.0
 * @date        2020/10
 * @copyright   Blog do Mario SAM
 * 
 * This XML create an Access Control Level to limit users/roles access.
 */
-->
<config xmlns:xsi="http://www.w3.org/2001/XMLSchema-instance" xsi:noNamespaceSchemaLocation="urn:magento:framework:Acl/etc/acl.xsd">
    <acl>
        <resources>
            <resource id="Magento_Backend::admin">
                <resource id="Magento_Backend::stores">
                    <resource id="Magento_Backend::stores_settings">
                        <resource id="Magento_Config::config">
                            <resource id="MarioSAM_CustomerLawProtection::module_customerlawprotection_config" title="GDPL Settings"/>
                        </resource>
                    </resource>
                </resource>
            </resource>
        </resources>
    </acl>
</config>